index,features
0,"[('active_std <= -0.03', -0.27963579444978814), ('ece_flag_counts <= -0.02', 0.22310456157004488), ('avg_bwd_packets_bulk_rate <= -0.05', 0.20985328936327177), ('fwd_bulk_duration <= -0.08', -0.18222069187967305), ('idle_std <= -0.06', 0.17230567993726562), ('fwd_bulk_per_packet <= -0.06', 0.16205579656947786), ('bwd_bulk_state_count <= -0.04', 0.1618918902670904), ('fwd_cwr_flag_counts <= -0.01', 0.15518209210973857), ('bwd_ece_flag_counts <= -0.02', 0.15375264328761276), ('fwd_bulk_state_count <= -0.11', 0.14041238658466643)]"
1,"[('active_std <= -0.03', -0.21957854832365997), ('fwd_bytes_rate > -0.04', -0.1936708859464132), ('fwd_bulk_duration <= -0.08', -0.1906725709438322), ('avg_bwd_packets_bulk_rate <= -0.05', 0.19036022236018607), ('fwd_cwr_flag_counts <= -0.01', 0.17291019214361503), ('bwd_ece_flag_counts <= -0.02', 0.17271713292428809), ('fwd_bulk_state_count <= -0.11', 0.16914277941113), ('fwd_ece_flag_counts <= -0.02', 0.1617283212799207), ('fwd_syn_flag_counts > 0.54', 0.15095705507915194), ('fwd_fin_flag_counts > 1.29', -0.14093151048321292)]"
2,"[('active_std <= -0.03', -0.2688083535017261), ('idle_std <= -0.06', 0.2116670318583315), ('fwd_ece_flag_counts <= -0.02', 0.20292739298532056), ('payload_bytes_variance > -0.20', 0.19874220517520347), ('avg_bwd_packets_bulk_rate <= -0.05', 0.1930192765916744), ('fwd_bulk_duration <= -0.08', -0.18549353656180312), ('cwr_flag_counts <= -0.01', 0.1832748731031726), ('ece_flag_counts <= -0.02', 0.1817285525646664), ('fwd_cwr_flag_counts <= -0.01', 0.17953475982811656), ('fwd_bulk_state_count <= -0.11', 0.1645595670145728)]"
3,"[('fwd_cwr_flag_counts <= -0.01', 0.2279435288712977), ('avg_bwd_packets_bulk_rate <= -0.05', 0.20513954447798297), ('payload_bytes_variance > -0.20', 0.2006671447833771), ('cwr_flag_counts <= -0.01', 0.1995123437722454), ('bwd_bulk_state_count <= -0.04', 0.19348571416436133), ('fwd_syn_flag_counts > 0.54', 0.1914597201004522), ('fwd_bulk_state_count <= -0.11', 0.178805702600916), ('fwd_bytes_rate > -0.04', -0.1737355411138137), ('idle_mean <= -0.17', 0.16306063240252042), ('bytes_rate > -0.05', -0.15018894607452374)]"
4,"[('active_std <= -0.03', -0.2377530895565974), ('cwr_flag_counts <= -0.01', 0.2288257455618357), ('avg_bwd_packets_bulk_rate <= -0.05', 0.22504750173776805), ('fwd_bulk_duration <= -0.08', -0.20281548468508193), ('fwd_bulk_state_count <= -0.11', 0.1744712991516563), ('bwd_bulk_state_count <= -0.04', 0.17258740022772096), ('fwd_ece_flag_counts <= -0.02', 0.17060797568383454), ('bwd_ece_flag_counts <= -0.02', 0.15857704328169991), ('idle_std <= -0.06', 0.14602590021597442), ('ece_flag_counts <= -0.02', 0.06582099653741579)]"
5,"[('fwd_cwr_flag_counts <= -0.01', 0.3098098744179757), ('fwd_ece_flag_counts <= -0.02', 0.27981223165360575), ('fwd_bulk_state_count <= -0.11', 0.19799774550109642), ('active_std <= -0.03', -0.18856221236494528), ('avg_bwd_packets_bulk_rate <= -0.05', 0.18422977715107558), ('fwd_bulk_duration <= -0.08', -0.1699788255121208), ('idle_std <= -0.06', 0.16449546821726774), ('bwd_bulk_state_count <= -0.04', 0.15679101859425862), ('fwd_bulk_per_packet <= -0.06', 0.14693360713710565), ('idle_mean <= -0.17', 0.10658608092412665)]"
6,"[('fwd_cwr_flag_counts <= -0.01', 0.2802614613825712), ('fwd_syn_flag_counts > 0.54', 0.2299499929797046), ('active_std <= -0.03', -0.21976206016507627), ('payload_bytes_variance > -0.20', 0.2115264880849507), ('fwd_bytes_rate > -0.04', -0.18049990275728361), ('avg_bwd_packets_bulk_rate <= -0.05', 0.17386175645513524), ('fwd_bulk_state_count <= -0.11', 0.16318389980618508), ('fwd_bulk_duration <= -0.08', -0.16095877501438044), ('idle_std <= -0.06', 0.15065969923259442), ('fwd_bulk_per_packet <= -0.06', 0.13153377838214683)]"
7,"[('fwd_cwr_flag_counts <= -0.01', 0.23802935361513747), ('fwd_ece_flag_counts <= -0.02', 0.2289345535619071), ('avg_bwd_packets_bulk_rate <= -0.05', 0.19713390655331586), ('idle_std <= -0.06', 0.19407738087836282), ('active_std <= -0.03', -0.1842038053769511), ('fwd_bytes_rate > -0.04', -0.16446124396354278), ('bwd_ece_flag_counts <= -0.02', 0.16352636326704223), ('fwd_bulk_state_count <= -0.11', 0.16325928589614802), ('fwd_syn_flag_counts > 0.54', 0.16299588119687455), ('ece_flag_counts <= -0.02', 0.15970295473968968)]"
8,"[('active_std <= -0.03', -0.2607698740627949), ('ece_flag_counts <= -0.02', 0.21504971087501165), ('payload_bytes_variance > -0.20', 0.20517399213903825), ('fwd_bulk_duration <= -0.08', -0.20194465779987478), ('fwd_syn_flag_counts > 0.54', 0.1903232881889541), ('fwd_cwr_flag_counts <= -0.01', 0.18532906571277344), ('avg_bwd_packets_bulk_rate <= -0.05', 0.172517455685842), ('fwd_bytes_rate > -0.04', -0.1677929610865205), ('cwr_flag_counts <= -0.01', 0.13042537192932685), ('idle_std <= -0.06', 0.1302848506442151)]"
9,"[('avg_bwd_packets_bulk_rate > -0.05', -0.20329973884289115), ('payload_bytes_variance > -0.20', 0.2019134426184547), ('fwd_ece_flag_counts <= -0.02', 0.1870291311883266), ('fwd_syn_flag_counts > 0.54', 0.18134678003651836), ('idle_std <= -0.06', 0.1776215123842176), ('fwd_bulk_state_count > -0.11', -0.16593382667366058), ('fwd_bulk_duration > -0.08', 0.15142271742583027), ('bwd_cwr_flag_counts <= -0.00', 0.11414983105198001), ('ece_flag_counts <= -0.02', 0.1130420659495093), ('cwr_flag_counts <= -0.01', 0.11193897936338565)]"
10,"[('fwd_ece_flag_counts <= -0.02', 0.22855745219293538), ('avg_bwd_packets_bulk_rate <= -0.05', 0.1993361491474706), ('fwd_fin_flag_counts > 1.29', -0.17629772996984813), ('bwd_ece_flag_counts <= -0.02', 0.17273562561680952), ('fwd_bulk_state_count <= -0.11', 0.16796669985888635), ('cwr_flag_counts <= -0.01', 0.16311499286191897), ('fwd_bulk_per_packet <= -0.06', 0.16089377644260283), ('ece_flag_counts <= -0.02', 0.16089020260302045), ('idle_std <= -0.06', 0.15855467348963911), ('bwd_bulk_state_count <= -0.04', 0.14607973468664404)]"
11,"[('payload_bytes_variance > -0.20', 0.20544634514007992), ('fwd_ece_flag_counts <= -0.02', 0.20245763681148296), ('fwd_bulk_state_count <= -0.11', 0.19726350025374043), ('avg_bwd_packets_bulk_rate > -0.05', -0.1880104837260998), ('bwd_ece_flag_counts <= -0.02', 0.18743478025463087), ('bwd_bulk_state_count > -0.04', -0.15925214782320254), ('idle_std <= -0.06', 0.14601714476369387), ('active_std <= -0.03', -0.14255841957741058), ('cwr_flag_counts <= -0.01', 0.12886190122634453), ('ece_flag_counts <= -0.02', 0.07120356111246552)]"
12,"[('fwd_cwr_flag_counts <= -0.01', 0.23266754161115774), ('payload_bytes_variance > -0.20', 0.21568966231740427), ('avg_bwd_packets_bulk_rate <= -0.05', 0.2049345672955204), ('fwd_bytes_rate > -0.04', -0.19765946925089534), ('fwd_bulk_duration <= -0.08', -0.18182365368745151), ('fwd_syn_flag_counts > 0.54', 0.159054334588945), ('bwd_ece_flag_counts <= -0.02', 0.14711586551533867), ('ece_flag_counts <= -0.02', 0.14606819648526626), ('fwd_fin_flag_counts > 1.29', -0.1435638567212629), ('bwd_bulk_state_count <= -0.04', 0.13897911082538056)]"
13,"[('idle_std <= -0.06', 0.26057610340088544), ('bwd_ece_flag_counts <= -0.02', 0.22548596669361068), ('avg_bwd_packets_bulk_rate <= -0.05', 0.22193071132686457), ('active_std <= -0.03', -0.17929080132241962), ('fwd_bulk_state_count <= -0.11', 0.17512864899068795), ('fwd_bulk_duration <= -0.08', -0.16116022940935035), ('fwd_cwr_flag_counts <= -0.01', 0.1511661299798889), ('fwd_bulk_per_packet <= -0.06', 0.145792212847176), ('bwd_bulk_state_count <= -0.04', 0.14562722925554114), ('cwr_flag_counts <= -0.01', -0.12259795914498534)]"
14,"[('fwd_fin_flag_counts > 1.29', -0.22786267503596444), ('active_std <= -0.03', -0.21703354113892648), ('bwd_ece_flag_counts <= -0.02', 0.21009984973855944), ('ece_flag_counts <= -0.02', 0.2092831270465732), ('idle_std <= -0.06', 0.20619320875751446), ('fwd_bulk_state_count <= -0.11', 0.18322097685618963), ('avg_bwd_packets_bulk_rate <= -0.05', 0.17874390141159038), ('fwd_bulk_duration <= -0.08', -0.16893454421272563), ('fwd_bulk_per_packet <= -0.06', 0.13533195128084233), ('cwr_flag_counts <= -0.01', 0.07565541507870165)]"
15,"[('bwd_ece_flag_counts <= -0.02', 0.31273477035371205), ('active_std <= -0.03', -0.27750796121676474), ('ece_flag_counts <= -0.02', 0.21211509406392715), ('cwr_flag_counts <= -0.01', 0.20696224590241546), ('payload_bytes_variance > -0.20', 0.20647439865928266), ('fwd_bulk_state_count <= -0.11', 0.19008275079381562), ('avg_bwd_packets_bulk_rate > -0.05', -0.18213820000724035), ('fwd_bytes_rate > -0.04', -0.18196498539301997), ('bwd_bulk_state_count > -0.04', -0.15052422668122112), ('fwd_cwr_flag_counts <= -0.01', 0.1436147379346687)]"
16,"[('avg_bwd_packets_bulk_rate <= -0.05', 0.21478368815970714), ('fwd_syn_flag_counts > 0.54', 0.20732014537753474), ('fwd_bulk_duration <= -0.08', -0.20613974650686703), ('fwd_ece_flag_counts <= -0.02', 0.18658597778951705), ('fwd_bulk_state_count <= -0.11', 0.1685378210149636), ('active_std <= -0.03', -0.14852308168832723), ('bwd_cwr_flag_counts <= -0.00', 0.1368837467701334), ('fwd_cwr_flag_counts <= -0.01', 0.13558505399759962), ('cwr_flag_counts <= -0.01', 0.13445222896597808), ('idle_std <= -0.06', 0.13159072029323546)]"
17,"[('fwd_cwr_flag_counts <= -0.01', 0.26306621485338033), ('fwd_syn_flag_counts > 0.54', 0.21868804429276975), ('avg_bwd_packets_bulk_rate <= -0.05', 0.20702292477527226), ('fwd_bulk_state_count <= -0.11', 0.20039766043233598), ('bwd_ece_flag_counts <= -0.02', 0.197397327360127), ('fwd_fin_flag_counts > 1.29', -0.19375666698304983), ('idle_mean <= -0.17', 0.18206018039129623), ('active_std <= -0.03', -0.1647702911665707), ('idle_std <= -0.06', 0.15222977268210475), ('ece_flag_counts <= -0.02', 0.14529100480497673)]"
18,"[('fwd_cwr_flag_counts <= -0.01', 0.20691827266104498), ('cwr_flag_counts <= -0.01', 0.19490718078893648), ('avg_bwd_packets_bulk_rate <= -0.05', 0.1872624205528491), ('fwd_bulk_duration <= -0.08', -0.17526510407397708), ('bwd_bulk_state_count <= -0.04', 0.15869605007188323), ('fwd_bulk_state_count <= -0.11', 0.15406760040810943), ('idle_std <= -0.06', 0.14720431570416595), ('ece_flag_counts <= -0.02', 0.14465612988594007), ('bwd_ece_flag_counts <= -0.02', 0.140719149490073), ('fwd_packets_rate > -0.11', 0.10570273760566791)]"
19,"[('active_std <= -0.03', -0.2510484756921083), ('avg_bwd_packets_bulk_rate > -0.05', -0.19963808166173141), ('payload_bytes_variance > -0.20', 0.1932715160723443), ('fwd_bulk_duration > -0.08', 0.17812978332459456), ('fwd_bytes_rate > -0.04', -0.16924814515545267), ('idle_std <= -0.06', 0.16922492868850728), ('fwd_bulk_state_count > -0.11', -0.1635392791675076), ('bytes_rate > -0.05', -0.1529703010934245), ('fwd_ece_flag_counts <= -0.02', 0.1467922819101791), ('cwr_flag_counts <= -0.01', 0.14490111403497868)]"
20,"[('fwd_ece_flag_counts <= -0.02', 0.2575912347976317), ('avg_bwd_packets_bulk_rate <= -0.05', 0.22169439300780944), ('fwd_bytes_rate > -0.04', -0.20657761447542694), ('fwd_bulk_state_count <= -0.11', 0.18949255605370274), ('payload_bytes_variance > -0.20', 0.17537562876555235), ('active_std <= -0.03', -0.16793482869769233), ('fwd_bulk_duration <= -0.08', -0.16564694421287518), ('fwd_cwr_flag_counts <= -0.01', 0.16498753835207589), ('cwr_flag_counts <= -0.01', 0.1619529544950855), ('bwd_bulk_state_count <= -0.04', 0.1537329288477342)]"
21,"[('active_std <= -0.03', -0.21945556412453157), ('payload_bytes_variance > -0.20', 0.19811220251177392), ('fwd_bulk_state_count <= -0.11', 0.19657119000260423), ('avg_bwd_packets_bulk_rate > -0.05', -0.19521065438250618), ('bwd_ece_flag_counts <= -0.02', 0.1929214985711334), ('fwd_bytes_rate > -0.04', -0.18126928777078463), ('fwd_bulk_duration <= -0.08', -0.1647854926499606), ('fwd_ece_flag_counts <= -0.02', 0.137739057185403), ('idle_std <= -0.06', 0.13321148498612095), ('fwd_cwr_flag_counts <= -0.01', 0.11269433430828946)]"
22,"[('avg_bwd_packets_bulk_rate <= -0.05', 0.21750662026671955), ('active_std <= -0.03', -0.21624563617462533), ('bwd_ece_flag_counts <= -0.02', 0.19861533423643452), ('ece_flag_counts <= -0.02', 0.1946066942113095), ('payload_bytes_variance > -0.20', 0.19132871383861907), ('fwd_syn_flag_counts > 0.54', 0.17810175196950015), ('fwd_bytes_rate > -0.04', -0.17375874617617612), ('fwd_bulk_duration > -0.08', 0.16341165032454735), ('fwd_cwr_flag_counts <= -0.01', 0.13169548492546274), ('fwd_ece_flag_counts <= -0.02', 0.11764539910870202)]"
23,"[('active_std <= -0.03', -0.2689709498674533), ('fwd_cwr_flag_counts <= -0.01', 0.22266500114524762), ('avg_bwd_packets_bulk_rate > -0.05', -0.19970332192521734), ('fwd_syn_flag_counts > 0.54', 0.16900650119646884), ('bwd_bulk_state_count > -0.04', -0.162900344004522), ('fwd_bulk_state_count <= -0.11', 0.15895950745463705), ('bwd_ece_flag_counts <= -0.02', 0.15340919951678617), ('fwd_bulk_duration <= -0.08', -0.14428100507055483), ('src_port <= -0.33', -0.12169803836960585), ('fwd_bulk_per_packet <= -0.06', 0.10823867207873436)]"
24,"[('avg_bwd_packets_bulk_rate <= -0.05', 0.19356860414256116), ('bwd_ece_flag_counts <= -0.02', 0.1894854395756483), ('bwd_bulk_state_count <= -0.04', 0.16063903438542468), ('fwd_bulk_per_packet <= -0.06', 0.15430309741490056), ('active_std <= -0.03', -0.14937478679684327), ('fwd_bulk_state_count <= -0.11', 0.14361319493323144), ('idle_std <= -0.06', 0.13537442218020693), ('bwd_bulk_duration <= -0.01', 0.12434817997716084), ('ece_flag_counts <= -0.02', 0.11894041141377458), ('src_port <= -0.33', -0.1077633330852136)]"
25,"[('cwr_flag_counts <= -0.01', 0.21478950699958746), ('avg_bwd_packets_bulk_rate <= -0.05', 0.20773389140662377), ('idle_std <= -0.06', 0.1569649220494639), ('fwd_bulk_state_count <= -0.11', 0.1482802560212505), ('bwd_bulk_state_count <= -0.04', 0.14734409609381982), ('idle_mean <= -0.17', 0.1161982633480094), ('src_port <= -0.33', -0.11507534801667053), ('fwd_bulk_per_packet <= -0.06', 0.1019470890535514), ('idle_max <= -0.17', 0.07679929106972469), ('bwd_ece_flag_counts <= -0.02', 0.06838906170591817)]"
26,"[('fwd_ece_flag_counts <= -0.02', 0.30546607501565), ('fwd_cwr_flag_counts <= -0.01', 0.2394386916060133), ('active_std <= -0.03', -0.21782066254441101), ('avg_bwd_packets_bulk_rate <= -0.05', 0.184265275688887), ('ece_flag_counts <= -0.02', 0.1733674105173573), ('idle_std <= -0.06', 0.14709577505187618), ('bwd_bulk_state_count <= -0.04', 0.14233562093250796), ('fwd_bulk_state_count <= -0.11', 0.1326277922014479), ('src_port <= -0.33', -0.12370940654859017), ('fwd_bulk_per_packet <= -0.06', 0.10734058322228703)]"
27,"[('fwd_bulk_state_count <= -0.11', 0.19747187811043013), ('avg_bwd_packets_bulk_rate <= -0.05', 0.18621784108528933), ('cwr_flag_counts <= -0.01', 0.17284619972787346), ('fwd_cwr_flag_counts <= -0.01', 0.15620654688861263), ('bwd_bulk_state_count <= -0.04', 0.15587158038722662), ('ece_flag_counts <= -0.02', 0.15548871923881724), ('active_std <= -0.03', -0.14499224038722774), ('fwd_bulk_duration <= -0.08', -0.1353757929631099), ('idle_std <= -0.06', 0.10433620992207171), ('bwd_ece_flag_counts <= -0.02', 0.09173251161371174)]"
28,"[('fwd_bulk_state_count <= -0.11', 0.22624979814496965), ('cwr_flag_counts <= -0.01', 0.2159231931258114), ('fwd_cwr_flag_counts <= -0.01', 0.21519865023947216), ('avg_bwd_packets_bulk_rate <= -0.05', 0.19650549727521502), ('fwd_bulk_duration <= -0.08', -0.18753299632106565), ('bwd_ece_flag_counts <= -0.02', 0.14826551485088177), ('ece_flag_counts <= -0.02', 0.14758002987810392), ('active_std <= -0.03', -0.1344781740231442), ('idle_std <= -0.06', 0.12904645505270665), ('fwd_bulk_per_packet <= -0.06', 0.1159356250189106)]"
29,"[('fwd_ece_flag_counts <= -0.02', 0.22980494737233043), ('avg_bwd_packets_bulk_rate <= -0.05', 0.21709706874629997), ('fwd_bulk_state_count <= -0.11', 0.2039435913847049), ('idle_std <= -0.06', 0.17649276231086092), ('active_std <= -0.03', -0.17494219967283606), ('fwd_cwr_flag_counts <= -0.01', -0.17271548760638591), ('bwd_bulk_state_count <= -0.04', 0.14772103468705808), ('idle_mean <= -0.17', 0.1469987931404311), ('fwd_bulk_duration <= -0.08', -0.1369783018219395), ('bwd_ece_flag_counts <= -0.02', 0.10669540279539282)]"
30,"[('fwd_cwr_flag_counts <= -0.01', 0.2599411013146737), ('ece_flag_counts <= -0.02', 0.22148621591479234), ('fwd_bulk_state_count <= -0.11', 0.19720102651232346), ('avg_bwd_packets_bulk_rate <= -0.05', 0.1941349618900509), ('active_std <= -0.03', -0.16248302553889776), ('bwd_bulk_state_count <= -0.04', 0.15798672870354183), ('cwr_flag_counts <= -0.01', 0.15793280294952397), ('fwd_bulk_duration <= -0.08', -0.1372653510857717), ('bwd_ece_flag_counts <= -0.02', 0.07728382697410567), ('idle_std <= -0.06', 0.05494421049787144)]"
31,"[('active_std <= -0.03', -0.21371485667820914), ('idle_std <= -0.06', 0.19649188521674782), ('avg_bwd_packets_bulk_rate <= -0.05', 0.17991611075976946), ('fwd_bulk_duration <= -0.08', -0.17544518768896233), ('fwd_ece_flag_counts <= -0.02', 0.16002271546449448), ('bwd_bulk_state_count <= -0.04', 0.1565686549730142), ('cwr_flag_counts <= -0.01', 0.14135190092470587), ('idle_mean <= -0.17', 0.13866316493405748), ('fwd_bulk_state_count <= -0.11', 0.13532821513537882), ('src_port <= -0.33', -0.12059336994408729)]"
32,"[('idle_std <= -0.06', 0.23520685488174234), ('active_std <= -0.03', -0.22988349430098443), ('fwd_cwr_flag_counts <= -0.01', 0.22546936358508085), ('ece_flag_counts <= -0.02', 0.19767928304695784), ('avg_bwd_packets_bulk_rate > -0.05', -0.19502750761472473), ('fwd_syn_flag_counts > 0.54', 0.17271146476683447), ('fwd_bulk_duration > -0.08', 0.16879400947641326), ('bwd_bulk_state_count > -0.04', -0.16418472884806093), ('fwd_fin_flag_counts > 1.29', -0.15240118709016418), ('cwr_flag_counts <= -0.01', 0.12997479862464342)]"
33,"[('active_std <= -0.03', -0.2816726909584247), ('cwr_flag_counts <= -0.01', 0.24444330421435617), ('payload_bytes_variance > -0.20', 0.21626097243920678), ('ece_flag_counts <= -0.02', 0.1991113695023715), ('fwd_ece_flag_counts <= -0.02', 0.19530821980613278), ('fwd_bulk_state_count <= -0.11', 0.19392265241669596), ('avg_bwd_packets_bulk_rate <= -0.05', 0.16011541570980042), ('fwd_syn_flag_counts > 0.54', 0.15771909406291362), ('bwd_ece_flag_counts <= -0.02', 0.11871136962496409), ('idle_std <= -0.06', 0.10890366555543227)]"
34,"[('cwr_flag_counts <= -0.01', 0.22344581269292246), ('avg_bwd_packets_bulk_rate <= -0.05', 0.22019322387921086), ('active_std <= -0.03', -0.18437088114367792), ('bwd_ece_flag_counts <= -0.02', 0.18103511054745164), ('fwd_bulk_duration <= -0.08', -0.16499525477703417), ('fwd_ece_flag_counts <= -0.02', 0.15545104651465463), ('idle_std <= -0.06', 0.1473207892911287), ('bwd_bulk_state_count <= -0.04', 0.1426766533940412), ('fwd_bulk_per_packet <= -0.06', 0.13335666862228107), ('fwd_bulk_state_count <= -0.11', 0.12937678647846507)]"
35,"[('cwr_flag_counts <= -0.01', 0.26402852250248404), ('avg_bwd_packets_bulk_rate <= -0.05', 0.21396669635667429), ('idle_std <= -0.06', 0.205342821309156), ('fwd_bulk_duration <= -0.08', -0.1894195653601848), ('fwd_ece_flag_counts <= -0.02', 0.1601165485572229), ('bwd_ece_flag_counts <= -0.02', 0.1593852480353262), ('fwd_cwr_flag_counts <= -0.01', 0.15792596913273704), ('bwd_bulk_state_count <= -0.04', 0.15580317361593832), ('fwd_bulk_state_count <= -0.11', 0.12404429739640162), ('active_std <= -0.03', -0.11806951908167067)]"
36,"[('fwd_ece_flag_counts <= -0.02', 0.23024021210857176), ('cwr_flag_counts <= -0.01', 0.22879967921608185), ('avg_bwd_packets_bulk_rate <= -0.05', 0.20552208204049685), ('fwd_bulk_duration <= -0.08', -0.17213348564747874), ('fwd_bulk_state_count <= -0.11', 0.16525421197446333), ('ece_flag_counts <= -0.02', 0.15763822579400671), ('idle_std <= -0.06', 0.15749164551149133), ('bwd_bulk_state_count <= -0.04', 0.1473391278163268), ('active_std <= -0.03', -0.1447266384402442), ('idle_mean <= -0.17', 0.13347246869814555)]"
37,"[('cwr_flag_counts <= -0.01', 0.2506141990811238), ('ece_flag_counts <= -0.02', 0.22722739351208604), ('avg_bwd_packets_bulk_rate <= -0.05', 0.2140142105545169), ('fwd_bulk_duration <= -0.08', -0.17999101035784174), ('bwd_bulk_state_count <= -0.04', 0.16811761149812382), ('fwd_bulk_state_count <= -0.11', 0.1673115258718143), ('idle_std <= -0.06', 0.16110470528469756), ('fwd_ece_flag_counts <= -0.02', 0.16032485190941537), ('active_std <= -0.03', -0.12678518024305122), ('idle_min <= -0.17', 0.11450364219102666)]"
38,"[('cwr_flag_counts <= -0.01', 0.28255355364247453), ('avg_bwd_packets_bulk_rate > -0.05', -0.22286201463489566), ('active_std <= -0.03', -0.21099246762100707), ('fwd_bulk_state_count > -0.11', -0.20872468309566733), ('fwd_bytes_rate > -0.04', -0.18658170570304888), ('fwd_bulk_duration > -0.08', 0.15455828235104033), ('bytes_rate > -0.05', -0.14862509489557243), ('idle_std <= -0.06', 0.14828414390887226), ('fwd_syn_flag_counts > 0.54', 0.14589023936902842), ('fwd_cwr_flag_counts <= -0.01', 0.13800390986540495)]"
39,"[('active_std <= -0.03', -0.31344469400167624), ('avg_bwd_packets_bulk_rate <= -0.05', 0.2330219791796663), ('idle_std <= -0.06', 0.21809110083304514), ('cwr_flag_counts <= -0.01', 0.21508718292883186), ('fwd_bulk_state_count <= -0.11', 0.19592384850477415), ('bwd_ece_flag_counts <= -0.02', 0.17499320594887913), ('fwd_bulk_duration <= -0.08', -0.1565641178365053), ('fwd_cwr_flag_counts <= -0.01', 0.1531072143807582), ('ece_flag_counts <= -0.02', 0.1498562094568157), ('bwd_bulk_state_count <= -0.04', 0.14533770359063947)]"
40,"[('cwr_flag_counts <= -0.01', 0.22060269381341405), ('active_std <= -0.03', -0.2120439743450387), ('avg_bwd_packets_bulk_rate <= -0.05', 0.18545715301034074), ('fwd_bulk_duration <= -0.08', -0.170776603895457), ('ece_flag_counts <= -0.02', 0.15927337211760081), ('idle_std <= -0.06', 0.15763817932882943), ('fwd_bulk_state_count <= -0.11', 0.15323526872030996), ('bwd_bulk_state_count <= -0.04', 0.1356513238125996), ('fwd_cwr_flag_counts <= -0.01', 0.11088319147916366), ('bwd_bulk_duration <= -0.01', 0.10685681161950525)]"
41,"[('fwd_cwr_flag_counts <= -0.01', 0.22528274739497817), ('active_std <= -0.03', -0.2129017249958039), ('fwd_bulk_duration <= -0.08', -0.19504516686866905), ('avg_bwd_packets_bulk_rate <= -0.05', 0.19352337471988468), ('cwr_flag_counts <= -0.01', 0.15679619137296674), ('fwd_bulk_per_packet <= -0.06', 0.14442193869852982), ('fwd_bulk_state_count <= -0.11', 0.1405242977597751), ('bwd_bulk_state_count <= -0.04', 0.13262473544092074), ('bwd_bulk_duration <= -0.01', 0.11112770418303079), ('bwd_ece_flag_counts <= -0.02', 0.013793383987318435)]"
42,"[('avg_bwd_packets_bulk_rate <= -0.05', 0.20443039006554012), ('bwd_ece_flag_counts <= -0.02', 0.19810200529934657), ('ece_flag_counts <= -0.02', 0.17523146444320772), ('fwd_cwr_flag_counts <= -0.01', 0.1723766842080428), ('bwd_bulk_state_count <= -0.04', 0.17058937338523503), ('fwd_bulk_per_packet <= -0.06', 0.1473399393784961), ('fwd_bulk_state_count <= -0.11', 0.13275141094219964), ('idle_std <= -0.06', 0.12255010637125723), ('src_port <= -0.33', -0.12241260320567485), ('fwd_bulk_duration <= -0.08', -0.1024220248361669)]"
43,"[('bwd_ece_flag_counts <= -0.02', 0.3001002993434065), ('cwr_flag_counts <= -0.01', 0.22140372480449558), ('active_std <= -0.03', -0.21357901760249073), ('avg_bwd_packets_bulk_rate <= -0.05', 0.19419489507990872), ('bwd_bulk_state_count <= -0.04', 0.16676408496423142), ('fwd_bulk_duration <= -0.08', -0.16511537252649647), ('fwd_cwr_flag_counts <= -0.01', 0.15912246217189532), ('fwd_bulk_per_packet <= -0.06', 0.13740176297218046), ('fwd_bulk_state_count <= -0.11', 0.13622023082426712), ('idle_std <= -0.06', 0.12314105093214404)]"
44,"[('avg_bwd_packets_bulk_rate <= -0.05', 0.22556651802691477), ('payload_bytes_variance > -0.20', 0.21962908283606397), ('fwd_bulk_duration <= -0.08', -0.19558082758409803), ('bwd_ece_flag_counts <= -0.02', 0.19455385087439372), ('fwd_syn_flag_counts > 0.54', 0.1901776333650418), ('fwd_bulk_state_count <= -0.11', 0.17926832210901364), ('fwd_bytes_rate > -0.04', -0.1612745757701446), ('fwd_cwr_flag_counts <= -0.01', 0.13957942978458238), ('fwd_ece_flag_counts <= -0.02', 0.13504519842282464), ('ece_flag_counts <= -0.02', 0.10832581021182128)]"
45,"[('avg_bwd_packets_bulk_rate <= -0.05', 0.20549776226520408), ('fwd_syn_flag_counts > 0.54', 0.2039779600967924), ('payload_bytes_variance > -0.20', 0.1917968360818049), ('fwd_bytes_rate > -0.04', -0.19033915910654495), ('active_std <= -0.03', -0.1702655531353481), ('cwr_flag_counts <= -0.01', 0.15171569884448285), ('bwd_ece_flag_counts <= -0.02', 0.1495850488839469), ('fwd_ece_flag_counts <= -0.02', 0.13868904918915728), ('fwd_cwr_flag_counts <= -0.01', 0.13803938947538838), ('ece_flag_counts <= -0.02', 0.13545576282452462)]"
46,"[('active_std <= -0.03', -0.2739424898111038), ('fwd_cwr_flag_counts <= -0.01', 0.2384012311472526), ('payload_bytes_variance > -0.20', 0.22354018182919247), ('idle_std <= -0.06', 0.21582158368634724), ('avg_bwd_packets_bulk_rate <= -0.05', 0.19906385677186939), ('bwd_ece_flag_counts <= -0.02', 0.1849217093490406), ('fwd_bytes_rate > -0.04', -0.18125199816151014), ('ece_flag_counts <= -0.02', 0.1665036745865032), ('fwd_bulk_per_packet <= -0.06', 0.15625367688681363), ('fwd_bulk_duration <= -0.08', -0.10879565256109675)]"
47,"[('ece_flag_counts <= -0.02', 0.31834165716146723), ('payload_bytes_variance > -0.20', 0.2111181562308473), ('fwd_bytes_rate > -0.04', -0.18339642889005786), ('avg_bwd_packets_bulk_rate <= -0.05', 0.18277115936869184), ('fwd_cwr_flag_counts <= -0.01', 0.18238646978744866), ('fwd_bulk_per_packet <= -0.06', 0.16906779072612327), ('bwd_ece_flag_counts <= -0.02', 0.16561982638284345), ('bwd_bulk_state_count <= -0.04', 0.15850505346256452), ('fwd_bulk_state_count <= -0.11', 0.15396670980291985), ('bytes_rate > -0.05', -0.14546173187114947)]"
48,"[('active_std <= -0.03', -0.2081995470879819), ('avg_bwd_packets_bulk_rate <= -0.05', 0.2055799409513253), ('ece_flag_counts <= -0.02', 0.19894255959806065), ('cwr_flag_counts <= -0.01', 0.1980556234178745), ('fwd_cwr_flag_counts <= -0.01', 0.19565448356765497), ('payload_bytes_variance > -0.20', 0.18663315568081293), ('fwd_bytes_rate > -0.04', -0.18027351293316576), ('fwd_syn_flag_counts > 0.54', 0.1778034961737175), ('idle_std <= -0.06', 0.13882912862032695), ('bwd_ece_flag_counts <= -0.02', 0.13492399887070114)]"
49,"[('fwd_syn_flag_counts > 0.54', 0.2312513227082529), ('idle_std <= -0.06', 0.2199686528682301), ('avg_bwd_packets_bulk_rate > -0.05', -0.21354119182196726), ('active_std <= -0.03', -0.21300516347615234), ('bwd_ece_flag_counts <= -0.02', 0.19576719152363603), ('fwd_cwr_flag_counts <= -0.01', 0.19156182539661057), ('fwd_bulk_duration <= -0.08', -0.1581061091964421), ('bwd_bulk_state_count > -0.04', -0.15525706981568294), ('fwd_ece_flag_counts <= -0.02', 0.13488398016507008), ('ece_flag_counts <= -0.02', 0.1329325537647707)]"
50,"[('fwd_syn_flag_counts > 0.54', 0.19991316989193356), ('fwd_ece_flag_counts <= -0.02', 0.1943223405283429), ('cwr_flag_counts <= -0.01', 0.19301119692352955), ('avg_bwd_packets_bulk_rate > -0.05', -0.1838799032959405), ('fwd_fin_flag_counts > 1.29', -0.17189044865915723), ('idle_std <= -0.06', 0.15207251881327677), ('active_std <= -0.03', -0.1359770518286376), ('ece_flag_counts <= -0.02', 0.13287216062993484), ('bwd_ece_flag_counts <= -0.02', 0.13172533097522207), ('fwd_cwr_flag_counts <= -0.01', 0.12898892895859698)]"
51,"[('idle_std <= -0.06', 0.27395985729033456), ('fwd_bulk_duration > -0.08', 0.23699902831676667), ('avg_bwd_packets_bulk_rate > -0.05', -0.20235098484480596), ('bwd_bulk_state_count > -0.04', -0.19297096571510483), ('fwd_syn_flag_counts > 0.54', 0.18684490585526767), ('fwd_bytes_rate > -0.04', -0.16946138055715584), ('fwd_bulk_state_count > -0.11', -0.16067022516263876), ('ece_flag_counts <= -0.02', 0.15579202897837502), ('cwr_flag_counts <= -0.01', 0.14981578278004942), ('bwd_ece_flag_counts <= -0.02', 0.09325786679648217)]"
52,"[('fwd_ece_flag_counts <= -0.02', 0.3083600339320519), ('active_std <= -0.03', -0.2688202808536349), ('payload_bytes_variance > -0.20', 0.21523158686751293), ('fwd_bulk_state_count <= -0.11', 0.20841355977534035), ('avg_bwd_packets_bulk_rate > -0.05', -0.18519689676632248), ('fwd_bytes_rate > -0.04', -0.18333165244391275), ('fwd_bulk_duration <= -0.08', -0.17674597877243448), ('fwd_packets_rate > -0.11', 0.16322587749125822), ('ece_flag_counts <= -0.02', 0.11475722277697069), ('cwr_flag_counts <= -0.01', 0.04868224766357646)]"
53,"[('cwr_flag_counts <= -0.01', 0.39406947052815045), ('payload_bytes_variance > -0.20', 0.23149845093581722), ('active_std <= -0.03', -0.2203243825107858), ('fwd_cwr_flag_counts <= -0.01', 0.20211169794613812), ('avg_bwd_packets_bulk_rate <= -0.05', 0.19326835135236117), ('fwd_ece_flag_counts <= -0.02', 0.16803919363288372), ('fwd_bulk_state_count <= -0.11', 0.16382373962175634), ('fwd_bytes_rate > -0.04', -0.16215332729856438), ('ece_flag_counts <= -0.02', 0.07963136094714424), ('bwd_ece_flag_counts <= -0.02', 0.014890355272400827)]"
54,"[('bwd_ece_flag_counts <= -0.02', 0.2458583907450236), ('ece_flag_counts <= -0.02', 0.23056595591493287), ('avg_bwd_packets_bulk_rate <= -0.05', 0.21095553976924655), ('cwr_flag_counts <= -0.01', 0.19948352928792842), ('idle_std <= -0.06', 0.1817162929072747), ('fwd_ece_flag_counts <= -0.02', 0.15317995528192277), ('bwd_payload_bytes_variance > -0.20', 0.15266400401250538), ('fwd_bulk_state_count <= -0.11', 0.1515577451478211), ('fwd_bulk_duration <= -0.08', -0.13674318944801184), ('bwd_bulk_state_count <= -0.04', 0.1330541381156541)]"
55,"[('avg_bwd_packets_bulk_rate <= -0.05', 0.24224294955011264), ('cwr_flag_counts <= -0.01', 0.2401125822416638), ('fwd_bulk_state_count <= -0.11', 0.20980584845653394), ('idle_std <= -0.06', 0.20522486490039368), ('bwd_bulk_state_count <= -0.04', 0.14737113595936543), ('fwd_ece_flag_counts <= -0.02', 0.14446242340065327), ('ece_flag_counts <= -0.02', 0.14313171806925137), ('bwd_ece_flag_counts <= -0.02', 0.13487820701272324), ('fwd_packets_rate > -0.11', 0.12983878205297597), ('fwd_bulk_duration <= -0.08', -0.12690800765402105)]"
56,"[('fwd_bulk_duration <= -0.08', -0.21955755543873723), ('fwd_bulk_state_count <= -0.11', 0.21128270212546124), ('avg_bwd_packets_bulk_rate <= -0.05', 0.20238577274805028), ('fwd_ece_flag_counts <= -0.02', 0.18369766082708494), ('bwd_bulk_state_count <= -0.04', 0.13707121421268184), ('active_std <= -0.03', -0.13698683747938686), ('fwd_bulk_per_packet <= -0.06', 0.11893219788962357), ('idle_mean <= -0.17', 0.10773466068406205), ('idle_std <= -0.06', 0.08374011910317235), ('fwd_cwr_flag_counts <= -0.01', -0.01741235559928434)]"
57,"[('cwr_flag_counts <= -0.01', 0.22226938855401052), ('bwd_ece_flag_counts <= -0.02', 0.22072422902790584), ('bwd_bulk_state_count <= -0.04', 0.18904213229725025), ('active_std <= -0.03', -0.18703709620862422), ('avg_bwd_packets_bulk_rate <= -0.05', 0.18324453850298827), ('fwd_cwr_flag_counts <= -0.01', 0.15464228462165258), ('fwd_ece_flag_counts <= -0.02', 0.1517809323480126), ('fwd_bulk_state_count <= -0.11', 0.15009510493955705), ('idle_mean <= -0.17', 0.1088307017305327), ('idle_std <= -0.06', 0.10273291141528734)]"
58,"[('active_std <= -0.03', -0.2860180664112124), ('fwd_bulk_state_count <= -0.11', 0.20205023479938383), ('avg_bwd_packets_bulk_rate <= -0.05', 0.19621822037106795), ('fwd_bulk_duration <= -0.08', -0.16432989960127303), ('bwd_ece_flag_counts <= -0.02', 0.15871391898858403), ('fwd_cwr_flag_counts <= -0.01', 0.15652270943649407), ('bwd_bulk_state_count <= -0.04', 0.15473272016468012), ('ece_flag_counts <= -0.02', 0.12008840005917315), ('avg_fwd_packets_per_bulk <= -0.11', 0.09549945214232307), ('-0.30 < payload_bytes_variance <= -0.30', -0.08995393285891556)]"
59,"[('fwd_cwr_flag_counts <= -0.01', -0.23179672565569623), ('ece_flag_counts <= -0.02', 0.2006072589774682), ('avg_bwd_packets_bulk_rate > -0.05', -0.19728059136626552), ('payload_bytes_variance > -0.20', 0.18269037785056405), ('fwd_bytes_rate > -0.04', -0.1774839249128103), ('fwd_bulk_state_count <= -0.11', 0.16864875961447495), ('fwd_bulk_duration <= -0.08', -0.15748990223628612), ('active_std <= -0.03', -0.15359424374281805), ('fwd_ece_flag_counts <= -0.02', 0.1429266909621189), ('bwd_ece_flag_counts <= -0.02', 0.1402353074802367)]"
60,"[('payload_bytes_variance > -0.20', 0.2137672749948134), ('avg_bwd_packets_bulk_rate > -0.05', -0.20493161007590188), ('active_std <= -0.03', -0.16977101834707933), ('fwd_bytes_rate > -0.04', -0.15856389685736863), ('fwd_cwr_flag_counts <= -0.01', -0.15775064700979088), ('fwd_bulk_state_count <= -0.11', 0.1569110128185594), ('fwd_ece_flag_counts <= -0.02', 0.13999319912036753), ('ece_flag_counts <= -0.02', 0.1384654211034583), ('cwr_flag_counts <= -0.01', 0.1345505534204082), ('bwd_ece_flag_counts <= -0.02', 0.09830005582119236)]"
61,"[('payload_bytes_variance > -0.20', 0.20959542342442689), ('ece_flag_counts <= -0.02', 0.20398809638404905), ('fwd_ece_flag_counts <= -0.02', 0.19820391961564915), ('avg_bwd_packets_bulk_rate <= -0.05', 0.19434753576711813), ('active_std <= -0.03', -0.19385540080037533), ('fwd_cwr_flag_counts <= -0.01', 0.17765275714852413), ('bwd_bulk_state_count <= -0.04', 0.1518421355646325), ('fwd_bulk_state_count > -0.11', -0.1505867018025184), ('fwd_bulk_duration > -0.08', 0.11844300447363063), ('bwd_bulk_total_size <= -0.00', -0.09956370415018663)]"
62,"[('ece_flag_counts <= -0.02', 0.2508949115275513), ('payload_bytes_variance > -0.20', 0.21349428845950888), ('active_std <= -0.03', -0.20019502758914065), ('avg_bwd_packets_bulk_rate <= -0.05', 0.19340849117600947), ('idle_std <= -0.06', 0.17718217388676144), ('bwd_payload_bytes_variance > -0.20', 0.14063430505396388), ('bwd_bulk_state_count <= -0.04', 0.1377622921457304), ('fwd_cwr_flag_counts <= -0.01', 0.11889097922331882), ('cwr_flag_counts <= -0.01', 0.11511816616761364), ('fwd_ece_flag_counts <= -0.02', 0.11241101381308245)]"
63,"[('cwr_flag_counts <= -0.01', 0.23476303007984645), ('fwd_ece_flag_counts <= -0.02', 0.23333579546375474), ('avg_bwd_packets_bulk_rate <= -0.05', 0.20726272853382754), ('payload_bytes_variance > -0.20', 0.19471735176648625), ('fwd_bytes_rate > -0.04', -0.1859469983723016), ('active_std <= -0.03', -0.18021044884846682), ('bwd_bulk_state_count <= -0.04', 0.16004489388587212), ('idle_std <= -0.06', 0.151644772338848), ('fwd_bulk_state_count > -0.11', -0.14530187480378437), ('bytes_rate > -0.05', -0.1412798081164341)]"
64,"[('fwd_bulk_state_count <= -0.11', 0.2073383875070303), ('avg_bwd_packets_bulk_rate <= -0.05', 0.2026017042802972), ('fwd_ece_flag_counts <= -0.02', 0.17856555645403185), ('bwd_bulk_state_count <= -0.04', 0.16384212343161986), ('fwd_bulk_duration <= -0.08', -0.15358449260897036), ('fwd_bulk_per_packet <= -0.06', 0.13137815616026355), ('idle_mean <= -0.17', 0.10030073919195247), ('active_std <= -0.03', -0.0980608562050617), ('bwd_payload_bytes_variance <= -0.25', -0.09049485542684188), ('avg_fwd_bytes_per_bulk <= -0.05', -0.08994881334174633)]"
65,"[('payload_bytes_variance > -0.20', 0.20572472483701051), ('avg_bwd_packets_bulk_rate <= -0.05', 0.19804679900313302), ('idle_std <= -0.06', 0.1796423381347464), ('fwd_bulk_duration <= -0.08', -0.1753388471282455), ('bytes_rate > -0.05', -0.16662501552760162), ('fwd_bytes_rate > -0.04', -0.15976880730526832), ('bwd_bulk_state_count <= -0.04', 0.15474528603170465), ('fwd_bulk_state_count <= -0.11', 0.13922852307526493), ('fwd_ece_flag_counts <= -0.02', 0.125326546094761), ('ece_flag_counts <= -0.02', 0.09238246552744121)]"
66,"[('fwd_cwr_flag_counts <= -0.01', 0.26839170043084126), ('bwd_ece_flag_counts <= -0.02', 0.2415596589978545), ('avg_bwd_packets_bulk_rate <= -0.05', 0.2197391564809104), ('idle_std <= -0.06', 0.2062352197436264), ('fwd_bytes_rate > -0.04', -0.18025172527381617), ('bwd_bulk_state_count <= -0.04', 0.1760567461803319), ('fwd_bulk_duration <= -0.08', -0.16317429979856843), ('fwd_syn_flag_counts > 0.54', 0.14523004182880897), ('cwr_flag_counts <= -0.01', 0.09525469794615025), ('ece_flag_counts <= -0.02', 0.08155608989581561)]"
67,"[('cwr_flag_counts <= -0.01', 0.31725539783134965), ('active_std <= -0.03', -0.304850150909051), ('fwd_ece_flag_counts <= -0.02', 0.2515715716680102), ('fwd_bulk_duration <= -0.08', -0.2195863272798077), ('payload_bytes_variance > -0.20', 0.2094407814127744), ('fwd_syn_flag_counts > 0.54', 0.20693200657079047), ('avg_bwd_packets_bulk_rate <= -0.05', 0.1856664394487989), ('idle_std <= -0.06', 0.17703570595835158), ('fwd_bytes_rate > -0.04', -0.17352373199804116), ('ece_flag_counts <= -0.02', 0.1302333602203042)]"
68,"[('active_std <= -0.03', -0.2555550384326787), ('bwd_ece_flag_counts <= -0.02', 0.24923933960656403), ('avg_bwd_packets_bulk_rate <= -0.05', 0.2203824913402656), ('fwd_cwr_flag_counts <= -0.01', 0.20982798759853655), ('fwd_ece_flag_counts <= -0.02', 0.2095670994015377), ('fwd_bytes_rate > -0.04', -0.19106300685423647), ('payload_bytes_variance > -0.20', 0.18941505588749036), ('cwr_flag_counts <= -0.01', 0.1775941491637851), ('ece_flag_counts <= -0.02', 0.14957022104519477), ('idle_std <= -0.06', 0.1368951723122134)]"
69,"[('active_std <= -0.03', -0.27259842761881914), ('fwd_cwr_flag_counts <= -0.01', 0.2691698203193125), ('fwd_syn_flag_counts > 0.54', 0.2520541390737254), ('idle_std <= -0.06', 0.24323422457705582), ('fwd_bulk_duration <= -0.08', -0.2087041659641129), ('fwd_fin_flag_counts > 1.29', -0.20610778715666164), ('ece_flag_counts <= -0.02', 0.19986866562651492), ('avg_bwd_packets_bulk_rate <= -0.05', 0.18676083616963648), ('fwd_bulk_state_count <= -0.11', 0.1808944978436107), ('fwd_ece_flag_counts <= -0.02', 0.13937823729801901)]"
70,"[('payload_bytes_variance > -0.20', 0.2078656194095613), ('avg_bwd_packets_bulk_rate <= -0.05', 0.1996608707305664), ('active_std <= -0.03', -0.1853397576090222), ('fwd_bulk_state_count <= -0.11', 0.17852631510967867), ('fwd_bytes_rate > -0.04', -0.17792544492376383), ('fwd_bulk_duration <= -0.08', -0.17616681302762702), ('fwd_fin_flag_counts > 1.29', -0.17436929402675894), ('idle_std <= -0.06', 0.16651119189251912), ('ece_flag_counts <= -0.02', 0.13961077074507594), ('fwd_ece_flag_counts <= -0.02', 0.10266193086108047)]"
71,"[('fwd_cwr_flag_counts <= -0.01', 0.2214417355379686), ('payload_bytes_variance > -0.20', 0.2040342605911069), ('avg_bwd_packets_bulk_rate <= -0.05', 0.2004316565364047), ('fwd_syn_flag_counts > 0.54', 0.19932749796170807), ('fwd_bulk_duration <= -0.08', -0.19224558624049184), ('fwd_bytes_rate > -0.04', -0.18314796638536388), ('fwd_fin_flag_counts > 1.29', -0.17626230682458302), ('idle_std <= -0.06', 0.1666717495605401), ('bytes_rate > -0.05', -0.16581790722721634), ('active_std <= -0.03', -0.1615816580453905)]"
72,"[('ece_flag_counts <= -0.02', 0.2567305352579711), ('active_std <= -0.03', -0.20746941963530582), ('fwd_syn_flag_counts > 0.54', 0.20130624374966494), ('fwd_bulk_state_count <= -0.11', 0.19976252476726958), ('fwd_bytes_rate > -0.04', -0.19349550059227588), ('payload_bytes_variance > -0.20', 0.1887992593239016), ('avg_bwd_packets_bulk_rate <= -0.05', 0.18171525148022508), ('cwr_flag_counts <= -0.01', 0.1758925042257668), ('bwd_ece_flag_counts <= -0.02', 0.15198496073741605), ('fwd_cwr_flag_counts <= -0.01', 0.14964184453927298)]"
73,"[('cwr_flag_counts <= -0.01', 0.2183040887534726), ('avg_bwd_packets_bulk_rate <= -0.05', 0.21396388039274572), ('active_std <= -0.03', -0.21127872111207024), ('fwd_ece_flag_counts <= -0.02', 0.2006425554089971), ('fwd_bulk_duration <= -0.08', -0.17468758661427722), ('bwd_bulk_state_count <= -0.04', 0.13795998597669817), ('idle_mean <= -0.17', 0.1363009949426934), ('fwd_bulk_per_packet <= -0.06', 0.121944940670357), ('src_port <= -0.33', -0.11439146807263371), ('bwd_ece_flag_counts <= -0.02', 0.06960362503662049)]"
74,"[('fwd_cwr_flag_counts <= -0.01', 0.21959024478922115), ('ece_flag_counts <= -0.02', 0.21592061308719762), ('active_std <= -0.03', -0.21304506090300182), ('fwd_bulk_duration <= -0.08', -0.1899761947134401), ('avg_bwd_packets_bulk_rate <= -0.05', 0.1853981325808724), ('cwr_flag_counts <= -0.01', 0.15775488990057288), ('idle_std <= -0.06', 0.1524887206157615), ('fwd_ece_flag_counts <= -0.02', 0.1520905970700137), ('bwd_bulk_state_count <= -0.04', 0.15156175249379564), ('fwd_bulk_state_count <= -0.11', 0.1263740612060846)]"
75,"[('fwd_ece_flag_counts <= -0.02', 0.25626442363822705), ('ece_flag_counts <= -0.02', 0.2537588659341891), ('fwd_syn_flag_counts > 0.54', 0.22051129557035135), ('avg_bwd_packets_bulk_rate <= -0.05', 0.20053296656053676), ('payload_bytes_variance > -0.20', 0.19930800181477742), ('fwd_bulk_duration <= -0.08', -0.19376653698506272), ('fwd_bytes_rate > -0.04', -0.1901034573387773), ('active_std <= -0.03', -0.18629617097469078), ('fwd_cwr_flag_counts <= -0.01', 0.14897584246024478), ('cwr_flag_counts <= -0.01', 0.1333179826191722)]"
76,"[('avg_bwd_packets_bulk_rate <= -0.05', 0.21670611363291536), ('fwd_bulk_duration <= -0.08', -0.19893402094638024), ('active_std <= -0.03', -0.19683216981271287), ('fwd_bulk_state_count <= -0.11', 0.17845470429894797), ('fwd_cwr_flag_counts <= -0.01', 0.16061514449661524), ('bwd_bulk_state_count <= -0.04', 0.15539370326203003), ('idle_std <= -0.06', 0.13104309471491438), ('dst_port > -0.34', 0.11759857692296802), ('src_port <= -0.33', -0.1095442338527993), ('fwd_ece_flag_counts <= -0.02', 0.02566302196230854)]"
77,"[('avg_bwd_packets_bulk_rate <= -0.05', 0.19674851124898463), ('fwd_bulk_state_count <= -0.11', 0.1767750141880407), ('fwd_bulk_per_packet <= -0.06', 0.16249233400473984), ('ece_flag_counts <= -0.02', 0.15989044646388256), ('cwr_flag_counts <= -0.01', 0.15989034792087073), ('bwd_ece_flag_counts <= -0.02', 0.15699377047785423), ('bwd_bulk_state_count <= -0.04', 0.15577834849814082), ('fwd_bulk_duration <= -0.08', -0.1553557225475379), ('idle_std <= -0.06', 0.15447815474403848), ('fwd_cwr_flag_counts <= -0.01', 0.026863128213967295)]"
78,"[('avg_bwd_packets_bulk_rate <= -0.05', 0.23288704456692247), ('fwd_cwr_flag_counts <= -0.01', 0.2288253961532207), ('cwr_flag_counts <= -0.01', 0.17518850342913053), ('fwd_bulk_state_count <= -0.11', 0.1747406864962874), ('bwd_bulk_state_count <= -0.04', 0.16536994874322933), ('ece_flag_counts <= -0.02', 0.15615078145296388), ('idle_std <= -0.06', 0.1515338751091106), ('fwd_bulk_duration <= -0.08', -0.1479618128265062), ('fwd_bulk_per_packet <= -0.06', 0.14542621390906313), ('active_std <= -0.03', -0.12413090947089564)]"
79,"[('avg_bwd_packets_bulk_rate <= -0.05', 0.21776191247458537), ('payload_bytes_variance > -0.20', 0.2173281109262615), ('fwd_cwr_flag_counts <= -0.01', 0.20530890175195238), ('fwd_bulk_duration > -0.08', 0.1928808252984465), ('fwd_bytes_rate > -0.04', -0.17877627979896762), ('fwd_bulk_state_count > -0.11', -0.17509383210021426), ('fwd_ece_flag_counts <= -0.02', 0.15694157377637222), ('cwr_flag_counts <= -0.01', 0.1423293825276154), ('bwd_bulk_state_count <= -0.04', 0.14227378077341532), ('fwd_bulk_per_packet > -0.06', -0.14206409422129573)]"
80,"[('fwd_cwr_flag_counts <= -0.01', 0.2774046208205453), ('payload_bytes_variance > -0.20', 0.22358449849137013), ('idle_std <= -0.06', 0.22281289065883336), ('avg_bwd_packets_bulk_rate > -0.05', -0.18086398880647017), ('active_std <= -0.03', -0.1715670374192631), ('fwd_bytes_rate > -0.04', -0.16497952752141523), ('fwd_bulk_state_count <= -0.11', 0.15097980568885766), ('ece_flag_counts <= -0.02', 0.13800585092200945), ('cwr_flag_counts <= -0.01', 0.13539964522727893), ('fwd_ece_flag_counts <= -0.02', 0.13281342867489848)]"
81,"[('cwr_flag_counts <= -0.01', 0.2743416807966986), ('ece_flag_counts <= -0.02', 0.2335346609195639), ('active_std <= -0.03', -0.22923928736438204), ('payload_bytes_variance > -0.20', 0.22036100033019249), ('fwd_cwr_flag_counts <= -0.01', 0.20664247365516883), ('fwd_ece_flag_counts <= -0.02', 0.2037425002621138), ('fwd_bulk_state_count <= -0.11', 0.18987337365910395), ('avg_bwd_packets_bulk_rate <= -0.05', 0.178087789844529), ('fwd_bytes_rate > -0.04', -0.16621426458459973), ('bwd_ece_flag_counts <= -0.02', 0.13891332995164438)]"
82,"[('fwd_ece_flag_counts <= -0.02', 0.29293172798403416), ('active_std <= -0.03', -0.24926876894072023), ('fwd_bulk_duration <= -0.08', -0.17614731267863298), ('avg_bwd_packets_bulk_rate <= -0.05', 0.17462041224231098), ('fwd_cwr_flag_counts <= -0.01', 0.16390539034564425), ('fwd_bulk_state_count <= -0.11', 0.16201329859573865), ('bwd_bulk_state_count <= -0.04', 0.15839056203415483), ('cwr_flag_counts <= -0.01', 0.15067690193766098), ('ece_flag_counts <= -0.02', 0.14786418429454262), ('fwd_bulk_per_packet <= -0.06', 0.14154009995844394)]"
83,"[('active_std <= -0.03', -0.26771683729497125), ('payload_bytes_variance > -0.20', 0.19879080243239572), ('avg_bwd_packets_bulk_rate > -0.05', -0.19705555812312983), ('fwd_bulk_state_count <= -0.11', 0.18655325627469824), ('bwd_ece_flag_counts <= -0.02', 0.18431434056508428), ('bwd_bulk_state_count > -0.04', -0.16731275316914115), ('idle_std <= -0.06', 0.15353326315109853), ('bytes_rate > -0.05', -0.14250387592082198), ('ece_flag_counts <= -0.02', 0.1395594549211976), ('fwd_bulk_duration <= -0.08', -0.11599416415747334)]"
84,"[('payload_bytes_variance > -0.20', 0.21320729661797957), ('fwd_ece_flag_counts <= -0.02', 0.1977793553894359), ('avg_bwd_packets_bulk_rate > -0.05', -0.19665830204235982), ('fwd_bytes_rate > -0.04', -0.19006553137990628), ('fwd_bulk_state_count <= -0.11', 0.17485899983609254), ('fwd_bulk_duration <= -0.08', -0.15899092459894087), ('bytes_rate > -0.05', -0.14695412849558198), ('bwd_ece_flag_counts <= -0.02', 0.1255149383902842), ('idle_std <= -0.06', 0.12028612921507723), ('cwr_flag_counts <= -0.01', 0.1126502592214058)]"
85,"[('payload_bytes_variance > -0.20', 0.20485554450999915), ('active_std <= -0.03', -0.2030892284743533), ('avg_bwd_packets_bulk_rate <= -0.05', 0.19073844831706288), ('fwd_bytes_rate > -0.04', -0.1776571272187435), ('idle_std <= -0.06', 0.17673176915962846), ('fwd_bulk_state_count <= -0.11', 0.155023661234527), ('bwd_bulk_state_count <= -0.04', 0.1545049216451272), ('bwd_ece_flag_counts <= -0.02', 0.14579169266156156), ('fwd_bulk_duration <= -0.08', -0.14099209272850688), ('ece_flag_counts <= -0.02', 0.13967867407576262)]"
86,"[('payload_bytes_variance > -0.20', 0.2266587525828167), ('active_std <= -0.03', -0.21956166384795822), ('fwd_ece_flag_counts <= -0.02', 0.21544833119549114), ('avg_bwd_packets_bulk_rate > -0.05', -0.2096551529745801), ('fwd_bulk_state_count <= -0.11', 0.19892288228857077), ('fwd_bulk_duration <= -0.08', -0.1983286389912104), ('fwd_bytes_rate > -0.04', -0.16713186256895898), ('bwd_bulk_state_count > -0.04', -0.157269313492762), ('bwd_ece_flag_counts <= -0.02', 0.14422400072830535), ('cwr_flag_counts <= -0.01', 0.13562002931200448)]"
87,"[('cwr_flag_counts <= -0.01', 0.27912012354402954), ('fwd_syn_flag_counts > 0.54', 0.22980383087317788), ('fwd_fin_flag_counts > 1.29', -0.207411765004477), ('avg_bwd_packets_bulk_rate <= -0.05', 0.20077659690248792), ('bwd_bulk_state_count <= -0.04', 0.17402999991063), ('fwd_ece_flag_counts <= -0.02', 0.16950162538191763), ('ece_flag_counts <= -0.02', 0.1669215268066497), ('fwd_bulk_state_count <= -0.11', 0.14529771619805898), ('fwd_bulk_duration <= -0.08', -0.13399784052718128), ('idle_std <= -0.06', 0.12970055969447217)]"
88,"[('bwd_ece_flag_counts <= -0.02', 0.3009686740183529), ('fwd_ece_flag_counts <= -0.02', 0.25112881677687066), ('active_std <= -0.03', -0.246282355813734), ('payload_bytes_variance > -0.20', 0.1962754905012085), ('avg_bwd_packets_bulk_rate > -0.05', -0.19452142853757515), ('fwd_bulk_duration <= -0.08', -0.17783092377904233), ('idle_std <= -0.06', 0.16613503302692856), ('fwd_bytes_rate > -0.04', -0.16528038405608012), ('fwd_bulk_state_count <= -0.11', 0.16222978093268545), ('fwd_cwr_flag_counts <= -0.01', 0.15021377087613283)]"
89,"[('fwd_bulk_duration <= -0.08', -0.20370870538755162), ('fwd_bulk_state_count <= -0.11', 0.1792378239132594), ('idle_std <= -0.06', 0.17800519577274115), ('active_std <= -0.03', -0.17623931807510448), ('cwr_flag_counts <= -0.01', 0.17109138507118354), ('avg_bwd_packets_bulk_rate <= -0.05', 0.16598060478588852), ('bwd_bulk_state_count <= -0.04', 0.14701340868681362), ('fwd_bulk_per_packet <= -0.06', 0.14320291463652932), ('idle_mean <= -0.17', 0.12375679261098611), ('bwd_ece_flag_counts <= -0.02', 0.09391172613665259)]"
90,"[('payload_bytes_variance > -0.20', 0.21490713121464708), ('fwd_bulk_state_count <= -0.11', 0.21166699535857986), ('avg_bwd_packets_bulk_rate <= -0.05', 0.18450650535770677), ('bwd_ece_flag_counts <= -0.02', 0.15246794175809286), ('bwd_bulk_state_count <= -0.04', 0.14319701414006633), ('active_std <= -0.03', -0.14065550160848939), ('idle_mean <= -0.17', 0.13439252255665013), ('ece_flag_counts <= -0.02', 0.13246735654249694), ('bwd_payload_bytes_variance > -0.20', 0.10642904688287609), ('idle_min <= -0.17', 0.0943732384563035)]"
91,"[('ece_flag_counts <= -0.02', 0.30546850437505324), ('fwd_cwr_flag_counts <= -0.01', 0.23676497565441562), ('fwd_bulk_duration <= -0.08', -0.21769953705414807), ('idle_std <= -0.06', 0.21271212756152266), ('avg_bwd_packets_bulk_rate <= -0.05', 0.21108597845380273), ('payload_bytes_variance > -0.20', 0.21027414133355143), ('fwd_ece_flag_counts <= -0.02', 0.172487000207623), ('bwd_bulk_state_count <= -0.04', 0.17016949393725786), ('active_std <= -0.03', -0.16541018447808126), ('fwd_bulk_state_count <= -0.11', 0.13692624439386628)]"
92,"[('avg_bwd_packets_bulk_rate <= -0.05', 0.21732289646512074), ('cwr_flag_counts <= -0.01', 0.21089637840234982), ('payload_bytes_variance > -0.20', 0.20745599918880048), ('active_std <= -0.03', -0.20481067332879963), ('fwd_bulk_state_count <= -0.11', 0.1736909578613848), ('bwd_bulk_state_count <= -0.04', 0.1594885652946448), ('fwd_bulk_duration <= -0.08', -0.14781524924132308), ('idle_std <= -0.06', 0.13532563230695763), ('ece_flag_counts <= -0.02', 0.13283526421948028), ('fwd_ece_flag_counts <= -0.02', 0.12781846463751634)]"
93,"[('cwr_flag_counts <= -0.01', 0.3252073325845893), ('fwd_ece_flag_counts <= -0.02', 0.2576941493630009), ('fwd_syn_flag_counts > 0.54', 0.24651598595893212), ('ece_flag_counts <= -0.02', 0.19999156010590965), ('fwd_cwr_flag_counts <= -0.01', 0.19930102630801247), ('bwd_ece_flag_counts <= -0.02', 0.19556090227807338), ('avg_bwd_packets_bulk_rate <= -0.05', 0.19409252055236764), ('fwd_bulk_state_count <= -0.11', 0.16764134032470274), ('idle_std <= -0.06', 0.16217838172429697), ('fwd_bulk_duration <= -0.08', -0.15101158103645693)]"
94,"[('avg_bwd_packets_bulk_rate <= -0.05', 0.2193860593626852), ('fwd_cwr_flag_counts <= -0.01', 0.21718225208219405), ('idle_std <= -0.06', 0.21241790144791106), ('cwr_flag_counts <= -0.01', 0.2030650614017199), ('fwd_bulk_duration <= -0.08', -0.16555442203096832), ('fwd_bulk_state_count <= -0.11', 0.16196062835257402), ('fwd_ece_flag_counts <= -0.02', 0.1517038990930665), ('bwd_bulk_state_count <= -0.04', 0.14737331539662174), ('active_std <= -0.03', -0.11644300942932308), ('bwd_cwr_flag_counts <= -0.00', 0.06226643660650905)]"
95,"[('active_std <= -0.03', -0.21463321837883226), ('fwd_bulk_state_count <= -0.11', 0.21148720932848658), ('avg_bwd_packets_bulk_rate > -0.05', -0.21124927964383827), ('fwd_ece_flag_counts <= -0.02', 0.18340110367115015), ('payload_bytes_variance > -0.20', 0.18309439534055072), ('cwr_flag_counts <= -0.01', 0.18146668903844576), ('fwd_bulk_duration <= -0.08', -0.17970517291822616), ('bwd_bulk_state_count > -0.04', -0.17583991271760208), ('bwd_ece_flag_counts <= -0.02', 0.16128506658032984), ('idle_mean > -0.17', -0.10143309373871827)]"
96,"[('payload_bytes_variance > -0.20', 0.2165705664842164), ('fwd_bulk_duration <= -0.08', -0.21386892174465832), ('avg_bwd_packets_bulk_rate > -0.05', -0.2026968499518944), ('active_std <= -0.03', -0.19557624943170093), ('fwd_bulk_state_count <= -0.11', 0.18898230250243298), ('idle_std <= -0.06', 0.17084291121273384), ('fwd_bulk_per_packet <= -0.06', 0.14271342249149224), ('fwd_cwr_flag_counts <= -0.01', 0.1366132943219451), ('ece_flag_counts <= -0.02', 0.1159421709691009), ('fwd_ece_flag_counts <= -0.02', 0.11537431025659584)]"
97,"[('cwr_flag_counts <= -0.01', 0.2412893840110414), ('active_std <= -0.03', -0.23087568665822245), ('avg_bwd_packets_bulk_rate <= -0.05', 0.2175449156504423), ('fwd_bulk_duration <= -0.08', -0.21593392317941898), ('idle_std <= -0.06', 0.21404134613851336), ('payload_bytes_variance > -0.20', 0.19710808713735306), ('fwd_bulk_state_count <= -0.11', 0.15556236465255752), ('bwd_bulk_state_count <= -0.04', 0.1426272324876577), ('fwd_cwr_flag_counts <= -0.01', 0.08892835492043318), ('ece_flag_counts <= -0.02', 0.06783589841483548)]"
98,"[('ece_flag_counts <= -0.02', 0.2816258798237662), ('avg_bwd_packets_bulk_rate <= -0.05', 0.21037629227953986), ('active_std <= -0.03', -0.20455127209091137), ('fwd_ece_flag_counts <= -0.02', 0.20320975265276528), ('payload_bytes_variance > -0.20', 0.1997942185314013), ('fwd_bytes_rate > -0.04', -0.19088082595293773), ('fwd_cwr_flag_counts <= -0.01', -0.1722067208736304), ('idle_std <= -0.06', 0.17153240744183515), ('fwd_bulk_duration <= -0.08', -0.17072017752786578), ('bwd_ece_flag_counts <= -0.02', 0.1419319726574802)]"
99,"[('active_std <= -0.03', -0.2505025455382685), ('idle_std <= -0.06', 0.22672864811999688), ('payload_bytes_variance > -0.20', 0.21793173640689537), ('bwd_ece_flag_counts <= -0.02', 0.21691141692772734), ('avg_bwd_packets_bulk_rate <= -0.05', 0.1883343498747106), ('fwd_bulk_duration <= -0.08', -0.18417484714024018), ('fwd_bytes_rate > -0.04', -0.16427588021595552), ('fwd_bulk_state_count <= -0.11', 0.15796839814851035), ('bytes_rate > -0.05', -0.12626042747360225), ('bwd_payload_bytes_variance > -0.20', 0.12376281973167032)]"
